<bundle>
  <!-- Included from donovan-lessgrind -->
  <!-- Animal Harvesting Rates -->
  <set xpath="//entity_class[@name='animalStag']/drop[@event='Harvest' and @name='foodRawMeat' and @tag='butcherHarvest']/@count">45</set>
  <set xpath="//entity_class[@name='animalStag']/drop[@event='Harvest' and @name='resourceLeather' and @tag='butcherHarvest']/@count">14</set>
  <set xpath="//entity_class[@name='animalStag']/drop[@event='Harvest' and @name='resourceAnimalFat' and @tag='butcherHarvest']/@count">5</set>
  <set xpath="//entity_class[@name='animalStag']/drop[@event='Harvest' and @name='resourceBone' and @tag='butcherHarvest']/@count">38</set>
  <set xpath="//entity_class[@name='animalStag']/drop[@event='Harvest' and @name='resourceBone' and @tag='allToolsHarvest']/@count">11</set>
  <set xpath="//entity_class[@name='animalDoe']/drop[@event='Harvest' and @name='foodRawMeat' and @tag='butcherHarvest']/@count">30</set>
  <set xpath="//entity_class[@name='animalDoe']/drop[@event='Harvest' and @name='resourceLeather' and @tag='butcherHarvest']/@count">9</set>
  <set xpath="//entity_class[@name='animalDoe']/drop[@event='Harvest' and @name='resourceAnimalFat' and @tag='butcherHarvest']/@count">3</set>
  <set xpath="//entity_class[@name='animalDoe']/drop[@event='Harvest' and @name='resourceBone' and @tag='butcherHarvest']/@count">23</set>
  <set xpath="//entity_class[@name='animalDoe']/drop[@event='Harvest' and @name='resourceBone' and @tag='allToolsHarvest']/@count">8</set>
  <set xpath="//entity_class[@name='animalRabbit']/drop[@event='Harvest' and @name='foodRawMeat' and @tag='butcherHarvest']/@count">15</set>
  <set xpath="//entity_class[@name='animalRabbit']/drop[@event='Harvest' and @name='resourceLeather' and @tag='butcherHarvest']/@count">3</set>
  <set xpath="//entity_class[@name='animalRabbit']/drop[@event='Harvest' and @name='resourceBone' and @tag='butcherHarvest']/@count">8</set>
  <set xpath="//entity_class[@name='animalRabbit']/drop[@event='Harvest' and @name='resourceBone' and @tag='allToolsHarvest']/@count">3</set>
  <set xpath="//entity_class[@name='animalChicken']/drop[@event='Harvest' and @name='foodRawMeat' and @tag='butcherHarvest']/@count">15</set>
  <set xpath="//entity_class[@name='animalChicken']/drop[@event='Harvest' and @name='resourceFeather' and @tag='butcherHarvest']/@count">35</set>
  <set xpath="//entity_class[@name='animalChicken']/drop[@event='Harvest' and @name='resourceBone' and @tag='butcherHarvest']/@count">8</set>
  <set xpath="//entity_class[@name='animalChicken']/drop[@event='Harvest' and @name='resourceBone' and @tag='allToolsHarvest']/@count">3</set>
  <set xpath="//entity_class[@name='animalBear']/drop[@event='Harvest' and @name='foodRawMeat' and @tag='butcherHarvest']/@count">75</set>
  <set xpath="//entity_class[@name='animalBear']/drop[@event='Harvest' and @name='resourceLeather' and @tag='butcherHarvest']/@count">23</set>
  <set xpath="//entity_class[@name='animalBear']/drop[@event='Harvest' and @name='resourceAnimalFat' and @tag='butcherHarvest']/@count">8</set>
  <set xpath="//entity_class[@name='animalBear']/drop[@event='Harvest' and @name='resourceBone' and @tag='butcherHarvest']/@count">38</set>
  <set xpath="//entity_class[@name='animalBear']/drop[@event='Harvest' and @name='resourceBone' and @tag='allToolsHarvest']/@count">8</set>
  <set xpath="//entity_class[@name='animalBear']/drop[@event='Harvest' and @name='resourceTestosteroneExtract' and @tag='butcherHarvest']/@count">3</set>
  <set xpath="//entity_class[@name='animalBearSmall']/drop[@event='Harvest' and @name='foodRawMeat' and @tag='butcherHarvest']/@count">38</set>
  <set xpath="//entity_class[@name='animalBearSmall']/drop[@event='Harvest' and @name='resourceLeather' and @tag='butcherHarvest']/@count">11</set>
  <set xpath="//entity_class[@name='animalBearSmall']/drop[@event='Harvest' and @name='resourceAnimalFat' and @tag='butcherHarvest']/@count">5</set>
  <set xpath="//entity_class[@name='animalBearSmall']/drop[@event='Harvest' and @name='resourceBone' and @tag='butcherHarvest']/@count">18</set>
  <set xpath="//entity_class[@name='animalBearSmall']/drop[@event='Harvest' and @name='resourceBone' and @tag='allToolsHarvest']/@count">3</set>
  <set xpath="//entity_class[@name='animalBearSmall']/drop[@event='Harvest' and @name='resourceTestosteroneExtract' and @tag='butcherHarvest']/@count">2</set>
  <set xpath="//entity_class[@name='animalZombieBear']/drop[@event='Harvest' and @name='foodRottingFlesh' and @tag='butcherHarvest']/@count">75</set>
  <set xpath="//entity_class[@name='animalZombieBear']/drop[@event='Harvest' and @name='resourceLeather' and @tag='butcherHarvest']/@count">23</set>
  <set xpath="//entity_class[@name='animalZombieBear']/drop[@event='Harvest' and @name='resourceAnimalFat' and @tag='butcherHarvest']/@count">8</set>
  <set xpath="//entity_class[@name='animalZombieBear']/drop[@event='Harvest' and @name='resourceBone' and @tag='butcherHarvest']/@count">38</set>
  <set xpath="//entity_class[@name='animalZombieBear']/drop[@event='Harvest' and @name='resourceBone' and @tag='allToolsHarvest']/@count">8</set>
  <set xpath="//entity_class[@name='animalZombieBear']/drop[@event='Harvest' and @name='resourceTestosteroneExtract' and @tag='butcherHarvest']/@count">3</set>
  <set xpath="//entity_class[@name='animalWolf']/drop[@event='Harvest' and @name='foodRawMeat' and @tag='butcherHarvest']/@count">38</set>
  <set xpath="//entity_class[@name='animalWolf']/drop[@event='Harvest' and @name='resourceLeather' and @tag='butcherHarvest']/@count">15</set>
  <set xpath="//entity_class[@name='animalWolf']/drop[@event='Harvest' and @name='resourceAnimalFat' and @tag='butcherHarvest']/@count">5</set>
  <set xpath="//entity_class[@name='animalWolf']/drop[@event='Harvest' and @name='resourceBone' and @tag='butcherHarvest']/@count">23</set>
  <set xpath="//entity_class[@name='animalWolf']/drop[@event='Harvest' and @name='resourceBone' and @tag='allToolsHarvest']/@count">8</set>
  <set xpath="//entity_class[@name='animalDireWolf']/drop[@event='Harvest' and @name='foodRottingFlesh' and @tag='butcherHarvest']/@count">53</set>
  <set xpath="//entity_class[@name='animalDireWolf']/drop[@event='Harvest' and @name='resourceLeather' and @tag='butcherHarvest']/@count">18</set>
  <set xpath="//entity_class[@name='animalDireWolf']/drop[@event='Harvest' and @name='resourceAnimalFat' and @tag='butcherHarvest']/@count">5</set>
  <set xpath="//entity_class[@name='animalDireWolf']/drop[@event='Harvest' and @name='resourceBone' and @tag='butcherHarvest']/@count">23</set>
  <set xpath="//entity_class[@name='animalDireWolf']/drop[@event='Harvest' and @name='resourceBone' and @tag='allToolsHarvest']/@count">8</set>
  <set xpath="//entity_class[@name='animalChickenHostile']/drop[@event='Harvest' and @name='foodRawMeat' and @tag='butcherHarvest']/@count">8</set>
  <set xpath="//entity_class[@name='animalChickenHostile']/drop[@event='Harvest' and @name='resourceFeather' and @tag='butcherHarvest']/@count">18</set>
  <set xpath="//entity_class[@name='animalChickenHostile']/drop[@event='Harvest' and @name='resourceBone' and @tag='butcherHarvest']/@count">12</set>
  <set xpath="//entity_class[@name='animalChickenHostile']/drop[@event='Harvest' and @name='resourceBone' and @tag='allToolsHarvest']/@count">6</set>
  <set xpath="//entity_class[@name='animalCoyote']/drop[@event='Harvest' and @name='foodRawMeat' and @tag='butcherHarvest']/@count">18</set>
  <set xpath="//entity_class[@name='animalCoyote']/drop[@event='Harvest' and @name='resourceLeather' and @tag='butcherHarvest']/@count">8</set>
  <set xpath="//entity_class[@name='animalCoyote']/drop[@event='Harvest' and @name='resourceAnimalFat' and @tag='butcherHarvest']/@count">3</set>
  <set xpath="//entity_class[@name='animalCoyote']/drop[@event='Harvest' and @name='resourceBone' and @tag='butcherHarvest']/@count">12</set>
  <set xpath="//entity_class[@name='animalCoyote']/drop[@event='Harvest' and @name='resourceBone' and @tag='allToolsHarvest']/@count">5</set>
  <set xpath="//entity_class[@name='animalMountainLion']/drop[@event='Harvest' and @name='foodRawMeat' and @tag='butcherHarvest']/@count">38</set>
  <set xpath="//entity_class[@name='animalMountainLion']/drop[@event='Harvest' and @name='resourceLeather' and @tag='butcherHarvest']/@count">15</set>
  <set xpath="//entity_class[@name='animalMountainLion']/drop[@event='Harvest' and @name='resourceAnimalFat' and @tag='butcherHarvest']/@count">6</set>
  <set xpath="//entity_class[@name='animalMountainLion']/drop[@event='Harvest' and @name='resourceBone' and @tag='butcherHarvest']/@count">23</set>
  <set xpath="//entity_class[@name='animalMountainLion']/drop[@event='Harvest' and @name='resourceBone' and @tag='allToolsHarvest']/@count">8</set>
  <set xpath="//entity_class[@name='animalZombieVulture']/drop[@event='Harvest' and @name='foodRottingFlesh' and @tag='butcherHarvest']/@count">6</set>
  <set xpath="//entity_class[@name='animalZombieVulture']/drop[@event='Harvest' and @name='resourceFeather' and @tag='butcherHarvest']/@count">45</set>
  <set xpath="//entity_class[@name='animalZombieVulture']/drop[@event='Harvest' and @name='resourceBone' and @tag='butcherHarvest']/@count">9</set>
  <set xpath="//entity_class[@name='animalZombieVulture']/drop[@event='Harvest' and @name='resourceBone' and @tag='allToolsHarvest']/@count">5</set>
  <set xpath="//entity_class[@name='animalZombieVultureRadiated']/drop[@event='Harvest' and @name='foodRottingFlesh' and @tag='butcherHarvest']/@count">9</set>
  <set xpath="//entity_class[@name='animalZombieVultureRadiated']/drop[@event='Harvest' and @name='resourceFeather' and @tag='butcherHarvest']/@count">53</set>
  <set xpath="//entity_class[@name='animalZombieVultureRadiated']/drop[@event='Harvest' and @name='resourceBone' and @tag='butcherHarvest']/@count">12</set>
  <set xpath="//entity_class[@name='animalZombieVultureRadiated']/drop[@event='Harvest' and @name='resourceBone' and @tag='allToolsHarvest']/@count">8</set>
  <set xpath="//entity_class[@name='animalZombieDog']/drop[@event='Harvest' and @name='foodRottingFlesh' and @tag='butcherHarvest']/@count">15</set>
  <set xpath="//entity_class[@name='animalZombieDog']/drop[@event='Harvest' and @name='resourceLeather' and @tag='butcherHarvest']/@count">6</set>
  <set xpath="//entity_class[@name='animalZombieDog']/drop[@event='Harvest' and @name='resourceAnimalFat' and @tag='butcherHarvest']/@count">2</set>
  <set xpath="//entity_class[@name='animalZombieDog']/drop[@event='Harvest' and @name='resourceBone' and @tag='butcherHarvest']/@count">23</set>
  <set xpath="//entity_class[@name='animalZombieDog']/drop[@event='Harvest' and @name='resourceBone' and @tag='allToolsHarvest']/@count">8</set>
  <set xpath="//entity_class[@name='animalSnake']/drop[@event='Harvest' and @name='foodRawMeat' and @tag='butcherHarvest']/@count">15</set>
  <set xpath="//entity_class[@name='animalSnake']/drop[@event='Harvest' and @name='resourceLeather' and @tag='butcherHarvest']/@count">3</set>
  <set xpath="//entity_class[@name='animalSnake']/drop[@event='Harvest' and @name='resourceBone' and @tag='butcherHarvest']/@count">8</set>
  <set xpath="//entity_class[@name='animalSnake']/drop[@event='Harvest' and @name='resourceBone' and @tag='allToolsHarvest']/@count">3</set>
  <set xpath="//entity_class[@name='animalBoar']/drop[@event='Harvest' and @name='foodRawMeat' and @tag='butcherHarvest']/@count">45</set>
  <set xpath="//entity_class[@name='animalBoar']/drop[@event='Harvest' and @name='resourceLeather' and @tag='butcherHarvest']/@count">11</set>
  <set xpath="//entity_class[@name='animalBoar']/drop[@event='Harvest' and @name='resourceAnimalFat' and @tag='butcherHarvest']/@count">6</set>
  <set xpath="//entity_class[@name='animalBoar']/drop[@event='Harvest' and @name='resourceBone' and @tag='butcherHarvest']/@count">23</set>
  <set xpath="//entity_class[@name='animalBoar']/drop[@event='Harvest' and @name='resourceBone' and @tag='allToolsHarvest']/@count">8</set>
  <set xpath="//entity_class[@name='animalBossGrace']/drop[@event='Harvest' and @name='foodRottingFlesh' and @tag='butcherHarvest']/@count">150</set>
  <set xpath="//entity_class[@name='animalBossGrace']/drop[@event='Harvest' and @name='resourceLeather' and @tag='butcherHarvest']/@count">105</set>
  <set xpath="//entity_class[@name='animalBossGrace']/drop[@event='Harvest' and @name='resourceAnimalFat' and @tag='butcherHarvest']/@count">30</set>
  <set xpath="//entity_class[@name='animalBossGrace']/drop[@event='Harvest' and @name='resourceBone' and @tag='butcherHarvest']/@count">75</set>
  <set xpath="//entity_class[@name='animalBossGrace']/drop[@event='Harvest' and @name='resourceBone' and @tag='butcherHarvest']/@count">15</set>
  <!-- Player Speeds -->
  <set xpath="//entity_class[@name='playerMale']/effect_group/passive_effect[@name='WalkSpeed']/@value">2.5</set>
  <set xpath="//entity_class[@name='playerMale']/effect_group/passive_effect[@name='RunSpeed']/@value">1.5</set>
  <set xpath="//entity_class[@name='playerMale']/effect_group/passive_effect[@name='CrouchSpeed']/@value">1.25</set>
  <set xpath="//entity_class[@name='playerMale']/effect_group/passive_effect[@name='WalkSpeed'][@tags='swimming']/@value">2.0</set>
  <set xpath="//entity_class[@name='playerMale']/effect_group/passive_effect[@name='RunSpeed'][@tags='swimming']/@value">1.5</set>
  <!-- Included from donovan-longerlootbags -->
  <set xpath="/entity_classes/entity_class[@name='DroppedLootContainer']/property[@name='TimeStayAfterDeath']/@value">300</set>
  <set xpath="/entity_classes/entity_class[starts-with(@name, 'EntityLootContainer')]/property[@name='TimeStayAfterDeath']/@value">1800</set>
  <!-- Included from donovan-morelootbags -->
  <set xpath="/entity_classes/entity_class[starts-with(@name, 'zombieTemplate')]/property[@name='LootDropProb']/@value">.05</set>
  <set xpath="/entity_classes/entity_class[contains(@name, 'Feral')]/property[@name='LootDropProb']/@value">.1</set>
  <append xpath="/entity_classes/entity_class[contains(@name, 'Radiated')]">
    <property name="LootDropProb" value=".2"/>
  </append>
  <set xpath="/entity_classes/entity_class[@name='zombieWightFeral']/property[@name='LootDropProb']/@value">.3</set>
  <append xpath="/entity_classes/entity_class[@name='zombieWightRadiated']">
    <property name="LootDropProb" value=".5"/>
  </append>
</bundle>
