<configs>
  <!-- Knives and Machetes -->
  <set xpath="//item[starts-with(@name, 'meleeWpnBladeT0')]/effect_group[starts-with(@name, 'meleeWpnBladeT0')]/passive_effect[@name='EntityDamage' and @operation='base_set']/@value">8</set>
  <set xpath="//item[starts-with(@name, 'meleeWpnBladeT1')]/effect_group[starts-with(@name, 'meleeWpnBladeT1')]/passive_effect[@name='EntityDamage' and @operation='base_set']/@value">16</set>
  <set xpath="//item[starts-with(@name, 'meleeWpnBladeT3')]/effect_group[starts-with(@name, 'meleeWpnBladeT3')]/passive_effect[@name='EntityDamage' and @operation='base_set']/@value">32</set>

  <!-- Increase power attack speed on knives -->
  <set xpath="//item[starts-with(@name, 'meleeWpnBlade')]/effect_group[@name='Power Attack']/passive_effect[@name='AttacksPerMinute']/@value">-50</set>

  <!-- Spears -->
  <set xpath="//item[starts-with(@name, 'meleeWpnSpearT0')]/effect_group[starts-with(@name, 'meleeWpnSpearT0')]/passive_effect[@name='EntityDamage' and @operation='base_set']/@value">15</set>
  <set xpath="//item[starts-with(@name, 'meleeWpnSpearT1')]/effect_group[starts-with(@name, 'meleeWpnSpearT1')]/passive_effect[@name='EntityDamage' and @operation='base_set']/@value">30</set>
  <set xpath="//item[starts-with(@name, 'meleeWpnSpearT3')]/effect_group[starts-with(@name, 'meleeWpnSpearT3')]/passive_effect[@name='EntityDamage' and @operation='base_set']/@value">40</set>

  <!-- Add butcher harvest to spears -->
  <append xpath="//item[starts-with(@name, 'meleeWpnSpear')]/effect_group[starts-with(@name, 'meleeWpnSpear')]">
    <passive_effect name="HarvestCount" operation="base_set" value="1" tags="butcherHarvest" />
  </append>

  <!-- Fireaxes -->
  <set xpath="//item[starts-with(@name, 'meleeToolAxeT1')]/effect_group[starts-with(@name, 'meleeToolAxeT1')]/passive_effect[@name='EntityDamage' and @operation='base_set']/@value">20</set>
  <set xpath="//item[starts-with(@name, 'meleeToolAxeT2')]/effect_group[starts-with(@name, 'meleeToolAxeT2')]/passive_effect[@name='EntityDamage' and @operation='base_set']/@value">30</set>
  <csv xpath="//item[starts-with(@name, 'meleeToolAxe')]/property[@name='Tags']/@value" delim="," op="add">perkDeepCuts</csv>
</configs>
