<configs>
  <!-- Crafting time -->
  <set xpath="//item[starts-with(@name, 'resource')]/property[@name='CraftingIngredientTime']/@value">0.1</set>
  <set xpath="//item[@name='resourceForgedIron']/property[@name='CraftingIngredientTime']/@value">2</set>
  <set xpath="//item[@name='resourceForgedSteel']/property[@name='CraftingIngredientTime']/@value">5</set>

  <!-- Smelting time -->
  <set xpath="//item[@name='unit_iron']/property[@name='MeltTimePerUnit']/@value">0.1</set>
  <set xpath="//item[@name='toolBellows']/effect_group/passive_effect[@name='CraftingSmeltTime']/@value">-0.5</set>
</configs>
