<config>
  <!-- Increase the amount of feathers and eggs you find in nests -->
  <set xpath="//lootgroup[@name='groupBirdNest01']/item[@name='resourceFeather']/@count">5,10</set>
  <set xpath="//lootgroup[@name='groupBirdNest02']/item[@name='resourceFeather']/@count">5,10</set>
  <set xpath="//lootgroup[@name='groupBirdNest02']/item[@name='foodEgg']/@loot_prob_template">high</set>

  <!-- Add acid to cupboards -->
  <append xpath="//lootgroup[@name='groupCupboard02']">
    <item name="resourceAcid" count="1,2" loot_prob_template="low"/>
  </append>

  <!-- increase number of Eggs in refrigerators -->
  <append xpath="//lootgroup[@name='groupRefrigerator02']">
    <item group="groupIngredientsRare" loot_prob_template="low"/>
  </append>

  <!-- increase number of lockpicks found -->
  <set xpath="//lootgroup/item[@name='resourceLockPick']/@count">3,10</set>
</config>
